UserId,ContinentId,RegionId,CountryId,CityId
1,5,12,28,46
2,5,12,27,44
3,2,5,13,24
4,1,1,1,2
5,2,6,16,29
6,2,6,15,27
7,1,1,3,7
8,2,6,16,30
9,4,10,23,40
10,1,1,2,5
11,3,7,18,34
12,1,1,3,7
13,3,8,19,36
14,2,4,10,20
15,1,1,1,1
16,5,12,28,46
17,1,2,4,8
18,2,6,16,29
19,1,2,4,9
20,5,12,27,44
21,3,7,18,35
22,4,9,21,38
23,2,4,10,21
24,2,4,11,22
25,2,6,16,30
26,3,8,20,37
27,4,10,23,40
28,1,1,1,1
29,3,7,17,32
30,1,1,2,6
31,1,2,6,14
32,4,9,22,39
33,1,2,5,12
34,4,9,21,38
35,2,4,11,22
36,1,2,5,11
37,1,3,7,16
38,2,6,14,25
39,3,8,19,36
40,2,6,16,29
41,5,12,27,44
42,4,10,24,41
43,3,8,19,36
44,2,6,16,29
45,1,2,6,14
46,2,4,10,20
47,1,1,2,6
48,2,4,9,18
49,5,12,27,44
50,2,4,10,21
51,1,1,2,6
52,3,7,17,31
53,5,12,28,46
54,4,10,24,41
55,1,2,6,13
56,2,4,11,22
57,2,6,14,25
58,1,2,5,12
59,1,2,6,13
60,1,2,5,12
61,5,13,29,47
62,3,8,19,36
63,4,10,23,40
64,4,9,22,39
65,5,12,28,46
66,1,1,2,5
67,4,11,25,42
68,1,1,1,4
69,2,5,12,23
70,2,6,15,28
71,1,3,8,17
72,1,1,3,7
73,1,2,4,10
74,4,9,22,39
75,1,3,7,15
76,1,3,7,15
77,5,12,27,44
78,1,1,3,7
79,5,12,27,44
80,5,12,27,44
81,2,6,16,29
82,1,2,4,8
83,1,2,4,8
84,1,2,6,14
85,2,6,15,28
86,1,2,4,8
87,2,4,11,22
88,1,1,2,6
89,2,6,14,26
90,1,1,1,1
91,3,7,18,34
92,1,1,1,3
93,1,2,4,10
94,1,2,4,9
95,4,10,23,40
96,1,1,1,3
97,2,4,10,21
98,2,6,15,28
99,2,6,14,25
100,3,7,17,32
101,4,9,21,38
102,2,4,9,19
103,4,9,22,39
104,1,3,7,15
105,5,13,29,47
106,2,5,13,24
107,3,7,18,35
108,4,11,25,42
109,4,9,21,38
110,4,10,24,41
111,2,6,14,26
112,1,1,1,3
113,2,5,13,24
114,1,2,4,9
115,4,11,25,42
116,1,2,5,12
117,1,2,5,11
118,1,2,5,12
119,3,7,17,31
120,2,6,15,27
121,5,12,27,45
122,2,4,10,20
123,1,2,6,14
124,1,1,1,3
125,1,1,1,1
126,2,4,9,18
127,5,12,27,44
128,2,6,14,25
129,4,11,25,42
130,1,1,2,5
131,1,1,2,5
132,4,10,23,40
133,1,1,2,6
134,1,1,1,3
135,2,4,9,19
136,5,12,27,44
137,3,7,17,33
138,1,1,2,5
139,4,10,23,40
140,4,10,23,40
141,4,9,21,38
142,4,11,26,43
143,1,2,5,12
144,5,13,29,47
145,1,3,7,16
146,4,9,21,38
147,2,6,15,28
148,3,8,20,37
149,2,6,16,30
150,3,7,17,31
151,2,6,16,29
152,3,8,20,37
153,3,7,18,35
154,1,1,3,7
155,4,9,22,39
156,2,6,14,26
157,1,3,7,16
158,2,6,14,25
159,5,12,28,46
160,4,10,24,41
161,4,10,23,40
162,2,4,11,22
163,3,8,20,37
164,2,4,9,19
165,3,7,17,33
166,3,7,17,31
167,1,2,5,12
168,1,2,6,13
169,1,1,1,3
170,1,1,3,7
171,2,4,10,21
172,2,5,12,23
173,1,2,4,8
174,2,4,10,20
175,2,6,16,29
176,1,2,5,11
177,1,3,7,16
178,2,4,9,18
179,2,5,13,24
180,2,4,9,18
181,3,7,18,35
182,1,3,7,16
183,2,4,10,21
184,2,4,9,18
185,1,2,4,9
186,3,7,17,33
187,1,2,5,12
188,1,2,6,14
189,4,9,21,38
190,5,12,27,45
191,3,7,17,32
192,5,12,27,44
193,4,10,24,41
194,2,5,12,23
195,3,8,20,37
196,1,3,7,16
197,2,4,11,22
198,2,6,14,26
199,5,12,28,46
200,4,10,23,40
201,2,5,12,23
202,3,7,17,31
203,1,2,4,10
204,4,9,21,38
205,2,6,14,26
206,2,6,14,26
207,3,8,20,37
208,2,6,16,30
209,1,1,1,4
210,1,2,6,14
211,1,2,4,9
212,3,7,18,35
213,1,1,1,2
214,1,2,4,10
215,2,6,16,29
216,3,7,17,33
217,2,5,13,24
218,4,10,24,41
219,5,12,27,44
220,1,1,3,7
221,5,12,27,45
222,2,6,16,29
223,2,6,16,30
224,1,1,2,5
225,2,6,16,30
226,3,7,18,35
227,2,6,15,28
228,1,1,1,4
229,2,6,14,25
230,5,12,27,44
231,3,7,18,35
232,1,1,3,7
233,5,12,28,46
234,5,12,28,46
235,1,2,4,8
236,4,9,21,38
237,2,4,10,20
238,2,6,15,28
239,2,4,10,21
240,3,8,20,37
241,5,13,29,47
242,4,9,21,38
243,5,12,27,44
244,5,12,27,45
245,1,1,2,5
246,1,2,5,12
247,3,7,18,34
248,2,6,15,28
249,1,1,1,3
250,1,1,2,5
251,2,6,14,25
252,2,6,16,29
253,1,2,4,8
254,1,2,4,9
255,1,1,3,7
256,2,6,15,27
257,1,1,1,1
258,2,6,15,27
259,2,5,12,23
260,2,4,11,22
261,3,7,17,32
262,2,6,14,25
263,3,7,18,35
264,3,8,19,36
265,5,12,27,44
266,4,9,21,38
267,2,6,14,25
268,2,5,13,24
269,1,2,5,12
270,2,6,16,29
271,1,1,3,7
272,5,12,27,44
273,4,10,23,40
274,1,1,2,6
275,3,8,20,37
276,1,1,2,6
277,3,7,18,34
278,1,1,2,5
279,2,5,12,23
280,3,7,17,31
281,3,7,18,35
282,2,4,10,20
283,5,12,27,44
284,3,8,20,37
285,1,2,4,10
286,3,7,17,32
287,3,7,18,35
288,1,3,7,16
289,3,7,18,35
290,4,11,26,43
291,4,9,22,39
292,3,8,19,36
293,2,6,16,30
294,1,2,6,13
295,4,9,21,38
296,2,4,9,18
297,2,6,14,26
298,1,3,7,15
299,1,3,7,15
300,1,2,4,8
301,5,12,28,46
302,1,1,3,7
303,1,1,2,5
304,5,12,27,44
305,2,6,15,27
306,2,4,10,21
307,3,7,18,35
308,2,4,9,19
309,1,1,3,7
310,3,7,18,35
311,1,2,4,9
312,2,6,14,26
313,5,12,27,45
314,5,12,27,44
315,1,3,8,17
316,3,8,20,37
317,2,6,16,29
318,2,5,12,23
319,1,1,3,7
320,2,4,9,18
321,3,7,17,31
322,5,13,29,47
323,1,1,1,1
324,3,7,18,34
325,4,10,23,40
326,5,12,27,45
327,2,4,10,20
328,1,1,2,6
329,1,2,6,13
330,4,10,23,40
331,4,11,25,42
332,2,6,16,30
333,1,1,2,6
334,1,1,2,6
335,2,5,12,23
336,2,6,15,28
337,1,1,1,2
338,3,7,17,33
339,2,6,14,26
340,1,1,1,1
341,1,1,2,5
342,2,4,11,22
343,3,7,18,34
344,4,9,22,39
345,2,4,10,21
346,1,2,6,14
347,5,12,28,46
348,2,4,11,22
349,1,3,7,15
350,2,4,10,21
351,1,1,1,1
352,1,3,7,15
353,2,6,14,25
354,5,12,27,44
355,3,7,18,35
356,3,8,20,37
357,2,6,14,26
358,1,1,2,6
359,2,4,9,19
360,5,13,29,47
361,1,1,1,3
362,4,11,25,42
363,3,7,17,33
364,1,2,6,14
365,3,8,20,37
366,4,10,23,40
367,1,1,1,3
368,1,1,2,6
369,3,7,17,32
370,5,13,29,47
371,1,1,1,2
372,3,7,17,32
373,1,1,3,7
374,3,7,17,31
375,2,6,16,30
376,1,1,2,5
377,3,7,17,32
378,4,11,26,43
379,4,10,24,41
380,1,1,1,2
381,1,2,5,12
382,1,2,5,12
383,2,4,11,22
384,1,1,3,7
385,4,10,24,41
386,3,8,20,37
387,4,9,21,38
388,1,2,4,10
389,1,1,1,1
390,4,11,26,43
391,1,2,6,14
392,3,7,17,31
393,4,11,26,43
394,1,1,1,2
395,1,1,1,1
396,1,1,1,1
397,1,2,4,8
398,1,1,1,3
399,4,9,22,39
400,2,6,16,29
401,5,13,29,47
402,4,9,21,38
403,5,12,28,46
404,1,2,5,12
405,1,2,6,14
406,4,10,23,40
407,1,2,5,12
408,1,1,1,3
409,3,7,17,32
410,4,9,21,38
411,5,12,28,46
412,5,12,27,44
413,1,1,2,6
414,3,8,20,37
415,4,10,23,40
416,3,7,17,33
417,4,9,22,39
418,4,10,23,40
419,2,4,10,21
420,1,1,1,2
421,2,4,11,22
422,1,2,4,10
423,1,1,2,6
424,1,1,2,6
425,3,7,17,33
426,2,5,13,24
427,2,6,14,26
428,3,8,19,36
429,2,6,14,26
430,2,6,16,30
431,1,1,2,5
432,4,10,24,41
433,2,4,11,22
434,1,2,4,8
435,4,9,22,39
436,3,7,18,35
437,1,1,1,3
438,1,2,4,10
439,1,1,1,1
440,1,2,6,13
441,1,1,2,5
442,3,7,18,34
443,2,6,14,25
444,5,13,29,47
445,3,8,19,36
446,2,6,16,29
447,2,5,13,24
448,1,1,1,3
449,1,1,1,4
450,2,6,16,29
451,1,1,1,1
452,1,1,1,2
453,1,2,5,11
454,4,11,25,42
455,2,4,11,22
456,3,7,18,34
457,2,4,10,20
458,1,2,4,9
459,2,4,9,18
460,1,1,2,5
461,3,8,20,37
462,1,2,4,9
463,2,4,9,18
464,5,13,29,47
465,2,6,15,28
466,2,4,11,22
467,2,6,14,26
468,3,8,20,37
469,1,2,5,12
470,2,6,16,30
471,4,11,25,42
472,2,6,15,27
473,2,4,10,21
474,1,1,3,7
475,1,2,5,12
476,5,12,27,45
477,2,6,14,26
478,1,3,7,15
479,2,4,10,20
480,2,6,15,28
481,2,6,14,26
482,3,7,17,33
483,1,2,6,13
484,3,7,17,31
485,2,4,10,21
486,5,12,27,45
487,1,2,4,8
488,1,1,3,7
489,2,4,11,22
490,2,5,13,24
491,3,7,17,33
492,2,4,9,19
493,4,11,26,43
494,2,5,12,23
495,1,1,3,7
496,1,1,2,6
497,5,12,28,46
498,1,1,3,7
499,5,12,27,45
500,1,2,6,14
501,1,1,2,5
502,1,3,7,15
503,2,6,16,29
504,2,4,10,21
505,3,8,20,37
506,2,6,16,29
507,2,4,9,19
508,2,6,16,30
509,5,12,28,46
510,2,4,10,20
511,1,2,4,8
512,2,4,10,20
513,4,10,23,40
514,1,2,5,11
515,5,12,27,45
516,2,6,15,28
517,2,6,16,29
518,1,3,7,15
519,5,12,27,44
520,1,1,1,2
521,1,3,7,15
522,2,4,10,20
523,2,5,12,23
524,2,5,12,23
525,1,1,3,7
526,1,2,5,11
527,1,1,2,5
528,2,6,15,27
529,1,3,8,17
530,2,6,15,27
531,2,6,15,28
532,3,7,17,33
533,2,6,14,26
534,3,7,17,31
535,2,6,15,28
536,3,7,17,31
537,2,6,16,29
538,1,3,7,15
539,1,2,5,12
540,4,9,21,38
541,1,3,8,17
542,2,6,14,26
543,1,2,4,10
544,2,4,10,21
545,2,6,14,25
546,2,6,16,30
547,2,6,14,25
548,1,3,8,17
549,5,12,28,46
550,2,6,14,25
551,4,9,21,38
552,3,7,18,35
553,2,6,15,27
554,4,11,25,42
555,1,1,3,7
556,5,12,27,44
557,4,10,23,40
558,2,5,13,24
559,3,7,18,35
560,2,6,14,25
561,1,2,6,13
562,4,9,21,38
563,1,2,5,12
564,1,3,7,15
565,2,6,14,25
566,4,10,23,40
567,2,4,9,19
568,2,5,13,24
569,1,1,1,2
570,1,1,2,6
571,1,1,1,3
572,1,1,1,4
573,4,10,24,41
574,4,10,23,40
575,4,9,22,39
576,1,1,1,3
577,1,1,1,4
578,1,2,6,14
579,2,6,15,27
580,1,3,7,16
581,2,5,12,23
582,1,2,4,9
583,3,7,18,35
584,1,3,7,15
585,1,1,1,4
586,3,7,18,35
587,4,11,26,43
588,1,1,1,1
589,2,4,10,21
590,4,9,22,39
591,3,7,18,34
592,4,10,24,41
593,2,4,10,20
594,2,4,9,18
595,3,7,18,34
596,1,2,4,8
597,1,2,5,12
598,2,6,16,29
599,3,7,17,32
600,1,1,2,6
601,2,5,13,24
602,2,4,9,18
603,2,5,13,24
604,5,12,28,46
605,1,1,1,4
606,5,13,29,47
607,2,4,11,22
608,3,8,20,37
609,2,4,10,20
610,1,3,7,15
611,3,8,20,37
612,3,7,17,33
613,1,1,3,7
614,3,7,18,34
615,3,8,19,36
616,2,4,9,19
617,5,12,27,44
618,3,7,17,31
619,1,3,7,16
620,1,1,1,1
621,3,7,17,32
622,1,2,4,10
623,3,8,19,36
624,2,6,14,25
625,2,4,11,22
626,1,2,4,8
627,3,7,18,34
628,1,2,4,8
629,2,4,10,20
630,4,10,23,40
631,5,12,27,44
632,5,13,29,47
633,5,12,28,46
634,2,6,15,27
635,1,2,4,10
636,4,10,23,40
637,4,9,21,38
638,5,13,29,47
639,3,7,17,31
640,1,1,3,7
641,2,5,13,24
642,2,4,11,22
643,4,10,23,40
644,2,4,9,19
645,1,3,7,16
646,1,1,1,4
647,4,10,23,40
648,3,8,19,36
649,1,1,1,2
650,2,4,10,21
651,2,5,12,23
652,2,5,12,23
653,5,12,27,44
654,1,2,4,8
655,1,3,7,15
656,1,2,4,9
657,1,2,5,12
658,4,11,26,43
659,5,12,27,45
660,1,1,1,3
661,2,6,16,30
662,1,2,5,11
663,1,2,4,10
664,1,2,6,14
665,1,2,4,10
666,2,5,13,24
667,5,13,29,47
668,2,6,15,28
669,3,7,18,34
670,2,5,13,24
671,1,1,1,1
672,1,1,1,4
673,1,2,6,13
674,1,2,5,12
675,4,10,23,40
676,4,10,23,40
677,4,10,24,41
678,2,6,16,30
679,2,6,15,27
680,3,7,17,31
681,2,4,10,20
682,3,7,17,32
683,4,9,21,38
684,3,8,19,36
685,2,6,16,29
686,1,1,1,3
687,3,7,18,35
688,2,4,9,18
689,3,7,18,35
690,2,6,14,26
691,4,11,25,42
692,1,3,7,16
693,5,12,27,44
694,4,10,23,40
695,1,3,7,16
696,2,5,12,23
697,2,6,14,25
698,3,8,20,37
699,3,7,17,33
700,4,10,24,41
701,2,4,9,18
702,2,5,13,24
703,2,4,10,21
704,4,11,26,43
705,1,3,7,15
706,2,6,15,28
707,1,1,2,6
708,4,10,23,40
709,2,4,9,19
710,1,3,8,17
711,2,6,15,28
712,2,5,13,24
713,4,10,23,40
714,2,6,14,25
715,2,6,14,25
716,1,1,2,5
717,1,1,1,2
718,2,4,9,19
719,5,13,29,47
720,5,12,27,44
721,2,6,16,30
722,2,6,16,30
723,2,4,9,19
724,1,2,4,9
725,1,1,1,1
726,1,3,7,16
727,1,3,7,15
728,1,2,4,10
729,1,2,6,13
730,1,1,1,2
731,2,6,16,29
732,5,12,27,44
733,3,7,17,33
734,2,4,11,22
735,2,4,10,20
736,1,3,7,15
737,1,1,3,7
738,2,6,16,29
739,2,6,15,27
740,1,1,1,1
741,2,4,10,20
742,1,2,6,14
743,1,2,4,9
744,3,7,18,34
745,2,6,14,25
746,2,6,16,30
747,3,7,18,34
748,5,13,29,47
749,4,9,21,38
750,2,6,16,30
751,4,11,25,42
752,2,5,12,23
753,5,13,29,47
754,3,8,19,36
755,3,7,17,31
756,4,11,26,43
757,2,6,14,25
758,3,7,18,34
759,1,2,6,14
760,5,12,28,46
761,2,6,16,30
762,3,8,20,37
763,2,4,11,22
764,4,10,24,41
765,1,1,1,4
766,1,1,2,6
767,2,5,13,24
768,3,7,18,35
769,4,9,22,39
770,2,4,10,21
771,3,7,17,31
772,2,6,14,26
773,5,12,28,46
774,3,7,17,31
775,2,4,10,20
776,5,12,28,46
777,1,1,2,6
778,5,13,29,47
779,1,2,4,8
780,1,2,6,14
781,4,9,22,39
782,3,7,18,35
783,5,12,28,46
784,3,8,19,36
785,2,6,16,30
786,1,3,8,17
787,1,1,1,1
788,1,1,2,6
789,1,2,6,14
790,1,1,1,2
791,2,5,13,24
792,3,8,20,37
793,5,12,28,46
794,2,5,13,24
795,4,11,25,42
796,5,13,29,47
797,4,10,24,41
798,2,4,11,22
799,1,3,7,16
800,5,12,28,46
801,1,2,5,12
802,2,4,10,20
803,1,1,1,4
804,4,9,21,38
805,3,7,17,31
806,1,1,1,4
807,1,2,5,11
808,2,6,15,27
809,2,6,14,26
810,4,9,21,38
811,1,2,6,13
812,5,12,27,44
813,2,4,10,21
814,4,9,22,39
815,1,2,5,12
816,1,1,1,2
817,1,1,1,3
818,2,4,9,18
819,5,12,27,45
820,1,1,1,3
821,2,4,9,18
822,1,1,2,6
823,5,12,27,44
824,3,7,17,32
825,3,8,19,36
826,3,7,18,34
827,3,7,17,31
828,3,8,20,37
829,1,1,1,1
830,4,10,24,41
831,3,7,18,35
832,3,7,18,35
833,2,4,9,19
834,4,9,21,38
835,2,4,9,18
836,1,1,1,3
837,4,11,26,43
838,1,2,5,12
839,1,1,2,5
840,2,6,16,30
841,1,2,5,11
842,4,10,24,41
843,2,4,10,21
844,1,1,1,1
845,5,12,27,45
846,2,6,14,25
847,1,2,6,13
848,3,7,17,32
849,2,6,14,25
850,1,1,1,2
851,3,8,19,36
852,2,4,9,19
853,3,7,17,33
854,4,11,26,43
855,2,6,16,29
856,3,7,17,32
857,1,2,5,12
858,1,2,5,12
859,2,4,10,20
860,4,10,24,41
861,2,6,14,25
862,1,3,8,17
863,3,8,20,37
864,4,10,24,41
865,4,11,26,43
866,1,3,7,15
867,3,7,18,34
868,2,6,15,28
869,2,4,11,22
870,2,4,9,19
871,1,1,2,6
872,1,2,6,13
873,2,6,14,26
874,4,11,25,42
875,4,10,24,41
876,1,2,4,9
877,3,7,17,32
878,1,1,1,4
879,3,7,17,32
880,1,3,8,17
881,2,4,11,22
882,3,7,18,34
883,2,4,10,20
884,4,9,21,38
885,2,6,14,26
886,5,13,29,47
887,2,6,16,30
888,1,2,6,14
889,3,8,20,37
890,2,4,10,20
891,2,6,14,26
892,1,1,3,7
893,1,1,2,6
894,2,6,15,28
895,1,2,4,9
896,5,13,29,47
897,4,10,24,41
898,3,7,17,33
899,3,7,18,35
900,2,6,15,28
901,1,1,1,3
902,2,4,9,19
903,2,5,13,24
904,5,12,27,44
905,1,2,5,11
906,2,5,13,24
907,1,3,8,17
908,1,1,3,7
909,1,1,2,5
910,2,4,9,18
911,1,1,1,4
912,1,1,1,4
913,1,3,8,17
914,1,2,4,10
915,2,6,15,27
916,1,1,1,1
917,1,3,7,15
918,2,4,11,22
919,5,12,28,46
920,2,6,16,30
921,4,11,25,42
922,1,3,8,17
923,2,4,11,22
924,2,4,10,20
925,4,11,25,42
926,5,12,28,46
927,5,12,28,46
928,3,8,19,36
929,2,5,13,24
930,2,6,14,26
931,5,13,29,47
932,1,2,6,14
933,1,3,8,17
934,4,11,26,43
935,2,4,9,19
936,1,2,5,12
937,2,6,15,27
938,1,3,7,16
939,4,11,25,42
940,4,11,26,43
941,1,3,7,15
942,2,6,14,25
943,5,13,29,47
944,3,7,18,35
945,1,2,5,11
946,2,6,15,28
947,2,6,16,30
948,3,7,17,31
949,1,1,1,2
950,1,3,7,15
951,4,10,24,41
952,1,2,5,12
953,1,3,7,15
954,1,3,7,16
955,1,2,4,9
956,1,2,4,8
957,1,3,8,17
958,4,11,25,42
959,1,1,1,1
960,1,2,6,14
961,1,1,1,3
962,2,6,15,27
963,1,2,5,12
964,4,9,21,38
965,2,6,15,28
966,3,8,20,37
967,2,6,16,30
968,2,4,10,21
969,4,10,24,41
970,2,5,12,23
971,5,12,27,45
972,5,13,29,47
973,2,6,15,28
974,3,7,17,32
975,1,2,6,13
976,4,9,22,39
977,3,7,17,32
978,4,11,26,43
979,1,2,6,13
980,4,9,21,38
981,2,5,12,23
982,1,2,4,9
983,1,2,4,9
984,2,6,15,27
985,1,3,7,16
986,1,1,2,5
987,2,4,10,21
988,3,7,17,31
989,1,3,7,15
990,5,12,27,45
991,3,8,20,37
992,2,6,14,25
993,5,12,27,44
994,2,4,10,21
995,1,1,3,7
996,1,1,1,2
997,5,12,27,45
998,5,12,28,46
999,3,7,18,35
1000,1,1,2,5
1001,1,2,6,14
1002,1,1,1,2
1003,1,1,1,3
1004,1,2,5,12
1005,2,6,15,27
1006,1,1,1,4
1007,5,13,29,47
1008,2,4,11,22
1009,1,2,6,13
1010,2,6,14,25
1011,4,9,21,38
1012,1,3,7,15
1013,1,1,1,3
1014,1,1,1,3
1015,4,10,24,41
1016,1,1,2,6
1017,2,6,16,30
1018,2,4,9,19
1019,3,8,20,37
1020,1,1,1,3
1021,4,11,26,43
1022,3,7,17,33
1023,2,4,11,22
1024,1,2,4,10
1025,5,12,28,46
1026,1,3,7,15
1027,2,5,13,24
1028,2,4,9,19
1029,1,2,5,11
1030,2,4,10,20
1031,1,2,4,8
1032,1,1,1,1
1033,1,2,6,14
1034,1,1,2,6
1035,2,4,10,20
1036,4,10,24,41
1037,1,2,4,8
1038,1,1,1,1
1039,1,1,2,6
1040,2,5,13,24
1041,1,2,6,13
1042,2,5,13,24
1043,1,1,1,2
1044,1,3,7,16
1045,2,4,10,20
1046,2,4,10,21
1047,2,6,14,26
1048,3,8,20,37
1049,2,4,11,22
1050,4,10,23,40
1051,2,6,14,25
1052,1,2,6,13
1053,1,2,5,11
1054,1,3,7,16
1055,2,6,16,29
1056,1,2,5,12
1057,4,11,26,43
1058,2,5,12,23
1059,4,10,24,41
1060,3,7,17,33
1061,1,3,7,16
1062,1,2,5,11
1063,3,7,18,35
1064,1,3,7,16
1065,1,2,5,12
1066,5,12,27,44
1067,2,5,12,23
1068,1,1,1,3
1069,2,5,13,24
1070,2,4,11,22
1071,4,10,24,41
1072,3,7,18,34
1073,1,2,4,9
1074,1,2,4,8
1075,2,6,16,29
1076,1,1,1,3
1077,1,3,7,15
1078,1,1,3,7
1079,1,1,1,1
1080,5,12,27,44
1081,1,1,2,5
1082,1,1,1,1
1083,5,12,27,44
1084,1,2,4,9
1085,4,9,22,39
1086,1,1,1,2
1087,1,2,4,8
1088,1,1,2,6
1089,3,7,18,34
1090,2,6,16,30
1091,2,5,12,23
1092,1,2,5,12
1093,1,1,2,5
1094,2,6,15,27
1095,1,2,5,11
1096,2,6,15,28
1097,3,7,17,33
1098,4,10,23,40
1099,2,5,13,24
1100,1,1,1,1
1101,1,2,6,14
1102,4,10,24,41
1103,2,6,14,26
1104,2,6,16,30
1105,2,4,11,22
1106,1,2,4,8
1107,4,11,26,43
1108,3,8,20,37
1109,5,13,29,47
1110,4,10,24,41
1111,1,2,6,14
1112,1,2,5,12
1113,1,2,5,12
1114,5,12,27,44
1115,2,6,15,27
1116,2,4,11,22
1117,5,12,28,46
1118,2,6,16,29
1119,4,11,26,43
1120,5,13,29,47
1121,1,1,1,4
1122,1,3,8,17
1123,3,7,18,35
1124,4,9,22,39
1125,1,1,3,7
1126,1,3,7,15
1127,2,6,14,26
1128,4,9,21,38
1129,1,1,2,6
1130,2,6,16,29
1131,1,2,6,14
1132,1,2,5,11
1133,2,6,14,25
1134,2,4,10,20
1135,2,6,16,30
1136,1,3,7,15
1137,4,9,22,39
1138,1,1,1,4
1139,4,10,24,41
1140,1,1,1,2
1141,3,7,18,35
1142,1,3,8,17
1143,2,4,9,19
1144,1,1,1,1
1145,3,7,17,33
1146,1,2,4,8
1147,3,7,17,31
1148,3,7,18,35
1149,4,10,23,40
1150,3,7,18,34
1151,1,3,7,15
1152,3,7,18,35
1153,4,9,22,39
1154,1,3,7,15
1155,1,1,2,6
1156,4,11,25,42
1157,1,1,3,7
1158,2,6,15,28
1159,1,2,5,12
1160,1,1,2,6
1161,3,8,20,37
1162,1,1,3,7
1163,3,7,17,32
1164,3,7,17,33
1165,1,1,1,3
1166,1,2,4,9
1167,4,9,21,38
1168,2,5,13,24
1169,1,1,2,6
1170,5,13,29,47
1171,1,2,6,13
1172,1,1,1,1
1173,5,12,27,44
1174,1,1,1,1
1175,2,6,15,27
1176,5,13,29,47
1177,2,6,15,28
1178,2,6,15,28
1179,2,4,9,19
1180,1,1,2,6
1181,2,6,15,27
1182,4,11,26,43
1183,1,1,2,5
1184,4,11,25,42
1185,2,4,10,20
1186,2,6,14,26
1187,1,2,4,8
1188,2,6,16,30
1189,1,2,4,9
1190,1,2,6,13
1191,3,7,18,34
1192,1,1,1,3
1193,2,4,11,22
1194,2,6,15,28
1195,1,1,3,7
1196,1,2,6,14
1197,1,3,8,17
1198,3,7,17,32
1199,5,12,28,46
1200,4,10,23,40
1201,1,2,4,9
1202,1,1,1,1
1203,1,1,1,3
1204,2,6,15,28
1205,1,2,4,8
1206,1,2,5,11
1207,4,10,23,40
1208,4,11,25,42
1209,4,10,23,40
1210,1,2,5,12
1211,2,6,16,30
1212,2,6,16,29
1213,1,2,4,9
1214,2,6,15,27
1215,2,6,14,25
1216,2,4,9,19
1217,3,8,19,36
1218,3,7,17,32
1219,2,6,14,26
1220,3,7,18,35
1221,3,8,19,36
1222,2,6,15,27
1223,1,2,6,13
1224,3,8,19,36
1225,3,7,18,34
1226,5,13,29,47
1227,1,2,4,8
1228,2,4,10,20
1229,5,12,27,44
1230,2,6,14,25
1231,5,12,27,45
1232,1,1,1,1
1233,1,1,1,2
1234,4,9,21,38
1235,1,3,8,17
1236,2,6,14,25
1237,2,4,10,21
1238,2,4,10,20
1239,5,12,27,45
1240,1,1,2,5
1241,3,8,20,37
1242,4,11,25,42
1243,3,7,17,31
1244,2,4,9,19
1245,1,2,4,8
1246,3,7,17,33
1247,2,5,12,23
1248,1,2,4,8
1249,1,3,8,17
1250,5,12,28,46
1251,1,2,6,13
1252,1,2,4,9
1253,3,7,17,33
1254,1,2,4,10
1255,5,12,27,44
1256,4,10,24,41
1257,5,13,29,47
1258,4,11,26,43
1259,1,2,5,12
1260,1,2,4,10
1261,1,3,8,17
1262,2,5,12,23
1263,4,11,25,42
1264,3,7,18,35
1265,3,7,17,31
1266,4,11,25,42
1267,3,7,17,31
1268,2,4,9,18
1269,2,4,10,20
1270,2,6,14,25
1271,1,1,2,5
1272,3,7,18,35
1273,3,7,17,31
1274,3,7,18,35
1275,2,6,14,26
1276,3,8,20,37
1277,5,12,27,45
1278,2,6,15,27
1279,2,4,10,21
1280,1,1,2,5
1281,3,8,20,37
1282,4,11,26,43
1283,3,7,17,33
1284,4,10,24,41
1285,4,10,24,41
1286,4,9,21,38
1287,2,5,13,24
1288,1,1,2,5
1289,1,1,1,1
1290,1,2,4,10
1291,2,4,10,21
1292,3,7,18,35
1293,2,4,11,22
1294,1,1,1,2
1295,1,2,4,10
1296,5,13,29,47
1297,5,13,29,47
1298,2,4,9,18
1299,4,9,21,38
1300,3,7,18,34
1301,5,12,27,44
1302,4,11,25,42
1303,2,6,16,30
1304,2,4,9,19
1305,2,6,16,30
1306,1,3,7,15
1307,1,3,8,17
1308,2,6,16,29
1309,2,6,15,27
1310,2,6,15,28
1311,2,4,9,19
1312,2,4,10,20
1313,1,1,1,1
1314,2,6,16,29
1315,2,6,15,28
1316,5,12,27,44
1317,2,5,13,24
1318,2,4,11,22
1319,1,1,1,4
1320,1,2,4,10
1321,1,3,7,16
1322,2,4,9,18
1323,2,4,9,18
1324,2,4,9,19
1325,3,8,20,37
1326,1,1,3,7
1327,1,3,7,16
1328,1,2,4,8
1329,1,3,7,15
1330,3,7,17,33
1331,1,1,1,3
1332,1,3,7,16
1333,1,1,1,2
1334,5,12,27,45
1335,3,7,18,35
1336,1,2,5,12
1337,1,2,4,10
1338,1,1,2,5
1339,2,5,12,23
1340,3,8,19,36
1341,2,6,15,28
1342,4,11,25,42
1343,1,3,8,17
1344,1,2,6,14
1345,2,5,12,23
1346,1,2,4,10
1347,5,12,28,46
1348,1,2,4,9
1349,2,5,12,23
1350,2,6,14,25
1351,1,1,1,3
1352,2,5,12,23
1353,2,4,11,22
1354,1,2,6,13
1355,1,1,3,7
1356,1,1,1,3
1357,1,1,1,1
1358,2,5,12,23
1359,1,1,2,5
1360,5,12,28,46
1361,1,2,5,12
1362,3,7,17,31
1363,3,7,17,32
1364,2,5,13,24
1365,4,11,25,42
1366,1,1,2,6
1367,1,2,5,11
1368,1,2,5,12
1369,1,1,3,7
1370,1,2,6,14
1371,1,3,7,15
1372,3,8,19,36
1373,1,3,7,15
1374,4,11,25,42
1375,3,8,20,37
1376,4,11,26,43
1377,1,1,2,5
1378,5,13,29,47
1379,2,6,16,29
1380,5,13,29,47
1381,1,3,8,17
1382,5,12,27,45
1383,2,6,15,28
1384,1,1,1,4
1385,2,4,10,20
1386,1,1,3,7
1387,5,12,27,45
1388,1,3,7,15
1389,1,2,5,11
1390,2,6,14,26
1391,2,4,10,20
1392,1,1,2,5
1393,4,9,22,39
1394,4,10,23,40
1395,3,7,18,35
1396,2,6,16,29
1397,2,4,9,19
1398,2,6,14,26
1399,2,6,14,25
1400,1,2,4,8
1401,1,1,1,4
1402,1,2,5,12
1403,2,4,11,22
1404,1,2,4,8
1405,1,1,2,6
1406,4,10,24,41
1407,2,4,9,18
1408,2,6,15,28
1409,2,6,14,25
1410,3,7,18,35
1411,3,7,18,35
1412,1,2,6,14
1413,4,10,23,40
1414,2,4,9,18
1415,4,10,23,40
1416,2,4,10,20
1417,1,1,2,6
1418,3,8,19,36
1419,1,1,1,2
1420,3,8,20,37
1421,1,1,1,3
1422,1,2,4,10
1423,2,6,16,29
1424,5,12,27,45
1425,2,4,10,20
1426,1,1,2,6
1427,1,2,5,11
1428,4,11,26,43
1429,3,7,18,35
1430,1,1,2,5
1431,2,4,9,19
1432,1,2,6,13
1433,1,2,4,9
1434,4,10,23,40
1435,2,6,16,30
1436,1,2,4,9
1437,3,7,17,31
1438,2,4,10,20
1439,1,1,1,3
1440,2,4,11,22
1441,1,2,4,9
1442,1,2,5,12
1443,4,11,25,42
1444,3,7,18,34
1445,1,1,3,7
1446,4,10,24,41
1447,2,6,15,27
1448,4,11,25,42
1449,3,8,19,36
1450,1,3,7,16
1451,2,6,14,26
1452,2,6,14,25
1453,3,7,18,34
1454,1,2,5,12
1455,1,3,7,16
1456,1,2,5,12
1457,1,2,6,14
1458,1,2,4,8
1459,1,1,1,2
1460,5,12,27,45
1461,1,1,1,4
1462,4,11,25,42
1463,1,1,1,1
1464,3,8,20,37
1465,1,3,7,16
1466,2,6,14,25
1467,1,2,6,14
1468,2,5,13,24
1469,2,4,11,22
1470,2,6,14,25
1471,2,4,9,19
1472,2,6,14,26
1473,4,9,22,39
1474,2,4,10,21
1475,1,3,8,17
1476,1,1,3,7
1477,1,3,8,17
1478,1,1,2,6
1479,1,2,4,9
1480,5,12,27,45
1481,1,1,2,5
1482,2,5,12,23
1483,4,10,23,40
1484,5,12,27,45
1485,1,1,3,7
1486,1,2,4,8
1487,2,4,9,18
1488,2,6,15,27
1489,5,12,28,46
1490,1,2,4,10
1491,1,2,4,8
1492,1,2,5,12
1493,4,11,25,42
1494,1,1,1,2
1495,2,4,9,18
1496,1,1,2,6
1497,1,2,4,8
1498,5,12,27,44
1499,1,1,1,1
1500,1,3,7,16
1501,5,12,27,44
1502,2,6,16,29
1503,1,1,1,4
1504,2,4,11,22
1505,5,12,28,46
1506,2,4,9,19
1507,2,6,14,25
1508,2,6,14,25
1509,3,7,17,32
1510,1,2,4,9
1511,4,10,23,40
1512,5,13,29,47
1513,1,1,3,7
1514,4,9,22,39
1515,4,9,22,39
1516,3,7,18,35
1517,2,4,9,18
1518,2,5,12,23
1519,4,10,23,40
1520,1,2,4,8
1521,4,9,22,39
1522,5,12,27,44
1523,3,7,17,33
1524,1,3,8,17
1525,2,6,15,27
1526,1,1,1,3
1527,5,12,27,44
1528,1,3,8,17
1529,1,1,1,3
1530,4,9,21,38
1531,3,7,17,31
1532,2,6,16,30
1533,1,1,1,3
1534,3,8,19,36
1535,2,6,16,30
1536,4,9,21,38
1537,4,9,22,39
1538,1,2,4,10
1539,1,2,4,10
1540,5,12,27,44
1541,2,6,14,25
1542,2,4,10,21
1543,1,2,6,14
1544,3,7,17,31
1545,3,8,19,36
1546,1,1,1,1
1547,2,6,14,26
1548,5,13,29,47
1549,1,2,6,14
1550,1,2,6,14
1551,4,11,25,42
1552,1,1,1,3
1553,2,4,9,19
1554,2,4,11,22
1555,4,9,21,38
1556,1,1,3,7
1557,2,4,10,21
1558,1,2,4,8
1559,4,9,21,38
1560,2,6,16,30
1561,2,5,13,24
1562,2,4,9,19
1563,1,2,4,8
1564,5,12,27,44
1565,3,7,17,31
1566,1,3,7,16
1567,2,4,10,20
1568,3,7,18,35
1569,3,7,18,34
1570,2,4,11,22
1571,1,3,7,15
1572,3,7,17,32
1573,3,7,17,31
1574,2,6,16,29
1575,1,1,1,4
1576,2,5,12,23
1577,2,6,16,29
1578,5,12,27,45
1579,2,6,14,25
1580,1,3,8,17
1581,2,6,15,27
1582,1,2,4,9
1583,1,1,2,5
1584,3,7,17,32
1585,5,13,29,47
1586,4,10,23,40
1587,2,6,15,28
1588,1,1,1,2
1589,5,13,29,47
1590,2,4,11,22
1591,1,2,6,14
1592,4,11,25,42
1593,3,8,19,36
1594,3,8,19,36
1595,1,2,6,14
1596,5,13,29,47
1597,2,4,11,22
1598,2,6,14,25
1599,3,8,19,36
1600,3,7,17,32
1601,1,2,4,9
1602,1,3,7,15
1603,1,3,8,17
1604,5,12,27,45
1605,3,7,18,34
1606,2,4,9,18
1607,3,7,18,35
1608,3,7,18,35
1609,2,4,9,19
1610,2,4,9,19
1611,4,11,26,43
1612,2,6,15,27
1613,1,2,4,8
1614,3,7,18,34
1615,2,6,15,28
1616,2,5,13,24
1617,3,7,18,35
1618,4,11,26,43
1619,1,3,7,16
1620,2,4,10,20
1621,1,2,4,9
1622,3,7,17,31
1623,2,4,9,19
1624,1,3,8,17
1625,3,7,17,33
1626,2,4,10,20
1627,2,4,11,22
1628,2,4,10,21
1629,1,2,6,13
1630,1,1,2,6
1631,4,9,22,39
1632,1,1,2,5
1633,1,3,7,16
1634,3,7,17,32
1635,1,1,3,7
1636,3,7,17,31
1637,3,7,18,35
1638,3,7,17,32
1639,1,3,7,15
1640,1,1,1,1
1641,4,11,25,42
1642,1,3,7,16
1643,4,9,21,38
1644,1,2,4,10
1645,1,2,4,8
1646,3,8,20,37
1647,5,12,27,45
1648,4,10,24,41
1649,3,8,19,36
1650,1,2,5,12
1651,4,11,26,43
1652,3,7,17,32
1653,1,2,4,9
1654,1,1,3,7
1655,4,10,24,41
1656,1,2,6,13
1657,3,8,19,36
1658,1,1,3,7
1659,1,2,6,14
1660,1,2,6,14
1661,1,2,6,14
1662,3,7,17,32
1663,4,11,26,43
1664,4,11,26,43
1665,3,7,18,35
1666,1,2,4,10
1667,5,12,28,46
1668,2,6,14,26
1669,2,6,14,26
1670,3,7,17,33
1671,3,8,20,37
1672,5,12,27,45
1673,2,6,15,28
1674,2,6,16,29
1675,3,8,19,36
1676,1,2,5,12
1677,1,3,7,15
1678,2,6,16,30
1679,1,1,1,4
1680,1,3,7,16
1681,3,7,18,34
1682,5,12,28,46
1683,2,6,14,25
1684,2,4,9,19
1685,2,4,10,21
1686,3,7,17,33
1687,2,6,14,26
1688,1,1,1,2
1689,2,6,14,26
1690,2,4,9,19
1691,3,7,17,33
1692,4,11,25,42
1693,5,12,28,46
1694,2,6,16,29
1695,2,4,9,18
1696,2,4,10,21
1697,1,2,4,9
1698,5,12,27,44
1699,4,10,23,40
1700,4,10,24,41
1701,1,3,7,16
1702,1,3,7,16
1703,4,10,24,41
1704,2,6,14,26
1705,3,7,18,34
1706,2,5,13,24
1707,2,4,10,21
1708,2,6,16,30
1709,4,9,22,39
1710,1,3,7,16
1711,4,9,22,39
1712,1,2,5,12
1713,2,4,9,19
1714,4,11,26,43
1715,5,12,27,45
1716,5,12,27,44
1717,1,3,7,15
1718,4,10,23,40
1719,5,12,27,44
1720,5,12,28,46
1721,1,1,1,1
1722,3,8,19,36
1723,5,13,29,47
1724,3,8,19,36
1725,1,2,5,11
1726,3,8,19,36
1727,1,1,2,5
1728,2,5,12,23
1729,2,6,16,30
1730,2,4,11,22
1731,3,7,17,33
1732,1,2,5,12
1733,2,6,16,29
1734,3,7,17,31
1735,2,6,16,30
1736,1,2,6,14
1737,1,3,7,15
1738,1,2,6,13
1739,2,4,11,22
1740,2,6,15,28
1741,2,4,9,18
1742,2,4,10,20
1743,1,2,6,14
1744,1,2,5,11
1745,3,7,17,31
1746,4,9,22,39
1747,1,2,6,14
1748,4,10,24,41
1749,2,6,15,27
1750,1,2,4,8
1751,2,4,9,18
1752,1,1,1,1
1753,1,1,1,2
1754,1,3,7,16
1755,2,4,11,22
1756,4,9,21,38
1757,1,1,3,7
1758,4,10,23,40
1759,1,2,5,12
1760,1,1,3,7
1761,3,7,17,33
1762,3,8,20,37
1763,2,6,16,29
1764,1,1,2,6
1765,1,1,2,6
1766,2,4,9,19
1767,2,4,11,22
1768,5,13,29,47
1769,1,2,6,14
1770,1,2,4,10
1771,5,12,27,45
1772,1,2,4,8
1773,1,1,1,2
1774,2,4,10,20
1775,2,4,9,19
1776,2,6,16,30
1777,4,11,25,42
1778,5,12,27,44
1779,1,2,6,14
1780,5,13,29,47
1781,2,6,16,30
1782,1,1,1,4
1783,5,12,27,45
1784,1,1,3,7
1785,2,6,15,28
1786,4,9,21,38
1787,1,2,5,12
1788,1,2,6,13
1789,2,5,12,23
1790,4,11,25,42
1791,1,2,5,11
1792,3,7,17,32
1793,2,4,11,22
1794,1,1,2,6
1795,3,7,18,34
1796,4,10,23,40
1797,2,6,15,28
1798,1,2,4,9
1799,1,2,4,8
1800,2,4,10,20
1801,2,5,13,24
1802,2,6,14,26
1803,1,2,5,12
1804,2,5,13,24
1805,1,2,6,14
1806,3,7,17,33
1807,4,9,21,38
1808,3,7,17,31
1809,1,1,1,1
1810,5,13,29,47
1811,1,1,1,2
1812,5,13,29,47
1813,1,1,1,2
1814,2,6,14,25
1815,1,1,2,5
1816,1,1,2,5
1817,3,7,17,33
1818,3,7,18,35
1819,1,1,2,6
1820,5,12,28,46
1821,1,3,7,16
1822,1,3,7,15
1823,1,2,6,14
1824,2,4,11,22
1825,1,2,4,9
1826,2,4,10,20
1827,1,2,4,10
1828,1,1,1,3
1829,2,4,9,18
1830,3,7,17,32
1831,3,8,19,36
1832,1,3,8,17
1833,1,3,7,16
1834,4,9,21,38
1835,3,7,17,33
1836,4,10,23,40
1837,4,11,26,43
1838,4,9,22,39
1839,5,12,27,45
1840,2,4,10,20
1841,2,4,9,19
1842,1,3,7,16
1843,1,2,5,12
1844,3,8,19,36
1845,3,7,18,34
1846,4,9,21,38
1847,1,2,4,8
1848,2,5,13,24
1849,1,2,5,11
1850,4,11,25,42
1851,1,2,6,13
1852,1,1,3,7
1853,2,6,15,27
1854,4,11,25,42
1855,5,12,27,44
1856,1,1,2,5
1857,1,3,7,16
1858,1,2,4,8
1859,1,3,7,15
1860,2,6,14,26
1861,1,2,6,14
1862,1,1,1,4
1863,2,5,13,24
1864,1,1,1,3
1865,1,2,5,11
1866,1,1,1,1
1867,1,1,2,5
1868,2,4,10,21
1869,4,10,23,40
1870,3,8,20,37
1871,1,1,2,5
1872,1,1,1,2
1873,1,3,7,16
1874,3,7,17,31
1875,3,8,19,36
1876,4,9,22,39
1877,1,3,8,17
1878,1,2,4,8
1879,1,1,1,2
1880,1,1,3,7
1881,1,1,1,4
1882,4,10,24,41
1883,1,2,6,13
1884,4,9,22,39
1885,2,6,14,26
1886,2,6,14,26
1887,2,4,11,22
1888,4,9,22,39
1889,1,1,1,3
1890,1,1,2,5
1891,2,4,10,20
1892,2,4,9,19
1893,2,6,14,26
1894,3,7,18,35
1895,2,6,15,28
1896,1,2,6,13
1897,1,3,7,16
1898,3,8,19,36
1899,1,2,4,10
1900,2,5,13,24
1901,2,6,14,26
1902,3,8,19,36
1903,3,7,18,34
1904,2,4,11,22
1905,1,3,7,15
1906,2,4,9,18
1907,2,4,10,20
1908,1,2,5,11
1909,2,6,16,30
1910,1,2,4,10
1911,3,7,17,31
1912,3,8,19,36
1913,5,12,28,46
1914,1,1,2,6
1915,3,8,19,36
1916,1,1,2,5
1917,1,3,7,16
1918,1,2,4,9
1919,1,2,4,8
1920,1,2,4,9
1921,1,1,1,3
1922,4,9,22,39
1923,1,1,1,3
1924,2,4,9,19
1925,3,7,17,33
1926,5,13,29,47
1927,4,10,24,41
1928,1,1,3,7
1929,5,13,29,47
1930,3,7,17,31
1931,1,2,4,9
1932,2,4,11,22
1933,5,12,27,44
1934,2,4,9,19
1935,1,2,4,9
1936,4,11,25,42
1937,5,12,27,45
1938,5,12,28,46
1939,5,12,27,45
1940,4,11,25,42
1941,2,4,11,22
1942,1,2,4,10
1943,2,6,16,30
1944,1,2,5,11
1945,2,5,12,23
1946,3,7,17,31
1947,5,12,27,45
1948,1,2,6,14
1949,1,2,5,12
1950,3,7,18,35
1951,1,1,1,1
1952,2,6,15,27
1953,3,8,19,36
1954,2,6,14,26
1955,2,4,9,19
1956,4,9,22,39
1957,2,4,9,18
1958,3,7,18,34
1959,2,4,11,22
1960,1,1,1,2
1961,2,6,14,25
1962,1,1,1,3
1963,5,12,27,44
1964,2,6,16,29
1965,2,4,9,18
1966,2,5,12,23
1967,2,6,16,30
1968,1,2,6,13
1969,1,2,6,14
1970,2,4,10,20
1971,1,2,6,13
1972,3,8,19,36
1973,1,1,2,5
1974,4,9,22,39
1975,1,3,8,17
1976,2,6,15,27
1977,1,2,4,8
1978,2,4,9,19
1979,3,8,19,36
1980,1,2,6,13
1981,1,1,3,7
1982,2,6,14,25
1983,1,2,4,8
1984,1,3,7,15
1985,2,4,11,22
1986,2,6,15,27
1987,3,7,17,31
1988,3,7,17,32
1989,4,10,23,40
1990,1,1,1,4
1991,2,4,9,18
1992,1,1,1,1
1993,1,1,1,1
1994,1,2,4,10
1995,2,6,16,29
1996,4,11,26,43
1997,3,8,20,37
1998,3,7,17,31
1999,3,8,20,37
2000,1,2,4,9
